{"cameraMode":{"drawMode":0,"name":"Shaded","section":"Shading Mode"},"sceneLighting":true,"audioPlay":false,"sceneViewState":{"showFog":true,"showMaterialUpdate":false,"showSkybox":true,"showFlares":true,"showImageEffects":true,"showParticleSystems":true},"in2DMode":false,"pivot":{"x":0.9640378952026367,"y":1.835434913635254,"z":1.2423486709594727},"rotation":{"x":-0.004775958135724068,"y":0.7215698957443237,"z":-0.004977502394467592,"w":-0.69230717420578},"size":3.8602993488311769,"orthographic":true}